Timestamp,Author_ID,Content,Likes,Retweets,Replies
2024-11-21 13:31:02+00:00,1739163278687805440,"RT @FameEXGlobal: 🤔 How to start your USDⓈ-M Perpetual Futures trading? 

Follow these 3 simple steps here below👇

⭐️ Try our $BTC/ $USDT F…",0,224,0
2024-11-21 13:31:02+00:00,1783371560318910464,"RT @FameEXGlobal: 🤔 How to start your USDⓈ-M Perpetual Futures trading? 

Follow these 3 simple steps here below👇

⭐️ Try our $BTC/ $USDT F…",0,224,0
2024-11-21 13:31:02+00:00,1486456761078870018,"RT @FameEXGlobal: 🤔 How to start your USDⓈ-M Perpetual Futures trading? 

Follow these 3 simple steps here below👇

⭐️ Try our $BTC/ $USDT F…",0,224,0
2024-11-21 13:31:02+00:00,1793033583612788738,"RT @FameEXGlobal: 🤔 How to start your USDⓈ-M Perpetual Futures trading? 

Follow these 3 simple steps here below👇

⭐️ Try our $BTC/ $USDT F…",0,224,0
2024-11-21 13:31:02+00:00,1857558760111353858,"@theunipcs Do you know you can upgrade your trading game with @OomerBot Trust our high-quality trade data and AI-driven signals. $Oomer has come to take over the trading realm.

https://t.co/PzvAXvKqHe

#Eth #crypto #Oomerbot.",0,0,0
2024-11-21 13:31:02+00:00,1789870130530590720,"RT @FameEXGlobal: 🤔 How to start your USDⓈ-M Perpetual Futures trading? 

Follow these 3 simple steps here below👇

⭐️ Try our $BTC/ $USDT F…",0,224,0
2024-11-21 13:31:02+00:00,1596312391817445376,"RT @FameEXGlobal: 🤔 How to start your USDⓈ-M Perpetual Futures trading? 

Follow these 3 simple steps here below👇

⭐️ Try our $BTC/ $USDT F…",0,224,0
2024-11-21 13:31:02+00:00,1215650114016071681,"This is exactly what I did on $SKI yesterday and sold today for $300+ profit.

I didn't try to guess the bottom, I just kept buying lower.

(Disclaimer: I'm a hold term holder and have 5-figures in $SKI, this just my trading wallet that I aim for quick trades) https://t.co/p8DUHyLKko",0,0,1
2024-11-21 13:31:02+00:00,1691431069071904768,"RT @Minato_MMXM: 🚨 𝗜𝗡𝗖𝗥𝗘𝗗𝗜𝗕𝗟𝗘 $150,000 𝗚𝗜𝗩𝗘𝗔𝗪𝗔𝗬 𝗔𝗟𝗘𝗥𝗧!

Rules✅

1. Follow - @Minato_MMXM @BlueGuardiancom
2.Also follow : @traderLux_ @theM…",0,425,0
2024-11-21 13:31:02+00:00,44628092,"@saylor @PeterSchiff Gold ETFs started trading in 2003. They’ve accumulated 121 billion in 21 years

#Bitcoin ETFs started trading in 2024. In just 11 months, they’ve accumulated 104 billion. https://t.co/JYy2lFHxxJ",0,0,0
2024-11-21 13:31:02+00:00,1789905833007968256,"RT @FameEXGlobal: 🤔 How to start your USDⓈ-M Perpetual Futures trading? 

Follow these 3 simple steps here below👇

⭐️ Try our $BTC/ $USDT F…",0,224,0
2024-11-21 13:31:02+00:00,1715041650882277384,"@Washigorira SURE 👍 

HELP OTHERS TO MAKE MONEY AND BECOME SUCCESSFUL TRADER 

DAILY SPOT &amp; FUTURE TRADING SIGNALS TO EARN 300%-700% DAILY 

JUST CHECK MY BIO AND CLICK THE LINK TO JOIN OUR CHANNEL…",0,0,0
2024-11-21 13:31:02+00:00,1701502105,"@Septembershere1 Drop hello 👋 so you can be added to my free trading group on telegram direct access to Signals📈📉 and copy trades, don't miss out this great opportunity.

👇👇👇
https://t.co/sZr3LePsBp",0,0,0
2024-11-21 13:31:02+00:00,1718712795032846336,@chokeboresfats Decentralized exchanges allow peer-to-peer trading without intermediaries.,0,0,0
2024-11-21 13:31:02+00:00,1796260719924596737,"@KojoForex Hey 👋 
This is best trading broker I also use to trade 
Use my link to signups and you I’ll get bonus on your first deposit 
Exness is the best broker with low spread 
signup now here 👇
https://t.co/L0Dfjct3YR",0,0,0
2024-11-21 13:31:01+00:00,1624541898684735491,"@cazzz76 Drop hello 👋 
so you can be added to my free
trading group on telegram direct access to Signals📈 and copy trades, don't miss out this great opportunity.
👇👇👇

https://t.co/8OfjY56glU",0,0,0
2024-11-21 13:31:01+00:00,1487315446218952705,"RT @FameEXGlobal: 🤔 How to start your USDⓈ-M Perpetual Futures trading? 

Follow these 3 simple steps here below👇

⭐️ Try our $BTC/ $USDT F…",0,224,0
2024-11-21 13:31:01+00:00,460318959,"@ReturnOfBeeks Amazing trade on $MSTR 400 call went from 12 to 30, wowowow! Resulting in +92k profits!! 🚀 #Only1banana3

Ready to level up your trading? Get exclusive insights! Join us today
#GetSmarter
👇👇

https://t.co/z7seFmVTOg",0,0,0
2024-11-21 13:31:01+00:00,1854830923424186383,"RT @Toobit_official: 🚨 New listing alert!🚨
Trade #DGBUSDT and #ATHUSDT with 20X and #MAXUSDT, #MERLUSDT, and #FOXYUSDT on #Toobit with leve…",0,9,0
2024-11-21 13:31:01+00:00,157030603,"@UnderWashington @BobFergusonAG I've benefited so much from her excellent trading technique @juliecilajoana. Beginning this journey I started up my investment with $1,000, within few days I got a return of $12,000. Her experience and trustworthiness is unmatched",0,0,0
2024-11-21 13:31:01+00:00,2988481241,"@letspuddintime Click the link if you are interested in Joining VIP Mentorship Program for Premium Trading On Telegram!📈
👇🤝👇

https://t.co/8pXCGkkw9F",0,0,0
2024-11-21 13:31:01+00:00,1654931790921093120,"@xNFT_killa I'll be updating more here on my free Telegram channel and sharing more ideas along with my trading analysis and hint

DROP HELLO 👋 TO JOIN NOW!!
👇
https://t.co/rgFodSsSUR",0,0,0
2024-11-21 13:31:01+00:00,529203085,"@capnpepe1 Say hello on telegram 👋 to join my trading group now 
👇👇

https://t.co/40x2tehAl4",0,0,0
2024-11-21 13:31:01+00:00,1732566819133599744,"RT @FameEXGlobal: 🤔 How to start your USDⓈ-M Perpetual Futures trading? 

Follow these 3 simple steps here below👇

⭐️ Try our $BTC/ $USDT F…",0,224,0
2024-11-21 13:31:01+00:00,1566439651140947968,"Absolutely, reversal patterns after a downtrend are critical for beginners, especially in price action trading. They can signal a potential change in trend, providing opportunities to enter at favorable prices. Here are a few must-know reversal patterns:

1. Double Bottom

What… https://t.co/W0kUZQrtbl https://t.co/cSGsEQ6kyo",0,0,0
2024-11-21 13:31:01+00:00,1634311468286980096,"@GraysonJ0 Join my trading telegram channel for more insight, alerts, signals, and strategies on trades.📈💰

Click the Link Below to join
👇
https://t.co/ac7DcHreUk",0,0,0
2024-11-21 13:31:01+00:00,1739162675081592832,"RT @FameEXGlobal: 🤔 How to start your USDⓈ-M Perpetual Futures trading? 

Follow these 3 simple steps here below👇

⭐️ Try our $BTC/ $USDT F…",0,224,0
2024-11-21 13:31:01+00:00,1799672558889107456,"RT @FameEXGlobal: 🤔 How to start your USDⓈ-M Perpetual Futures trading? 

Follow these 3 simple steps here below👇

⭐️ Try our $BTC/ $USDT F…",0,224,0
2024-11-21 13:31:01+00:00,1854859364399824897,"RT @TaurusAI_: Trading perps just got easier 💫

Taurus AI lets you open, manage, and close positions on @Telegram—no extra fees. Get instan…",0,2599,0
2024-11-21 13:31:01+00:00,2180419500,"@cryptozamasu Click on the link and say hi 👋 so you can be added to STASHER free trading group on telegram
👇👇👇

https://t.co/9jie1crjAp",0,0,0
2024-11-21 13:31:01+00:00,2549846904,"@vasgeo310 I recently started a top class learning and earning program for all of my fully focused followers, for both beginners and advanced investors on my trading Channel.  Say hi to be part of my great mentorship program on Telegram.

👇 👇 👇

https://t.co/cFxmv5eBK5",0,0,0
2024-11-21 13:31:01+00:00,1799073280269381632,"RT @FameEXGlobal: 🤔 How to start your USDⓈ-M Perpetual Futures trading? 

Follow these 3 simple steps here below👇

⭐️ Try our $BTC/ $USDT F…",0,224,0
2024-11-21 13:31:01+00:00,1779672241393057792,"RT @FameEXGlobal: 🤔 How to start your USDⓈ-M Perpetual Futures trading? 

Follow these 3 simple steps here below👇

⭐️ Try our $BTC/ $USDT F…",0,224,0
2024-11-21 13:31:01+00:00,1738906533151260672,"RT @FameEXGlobal: 🤔 How to start your USDⓈ-M Perpetual Futures trading? 

Follow these 3 simple steps here below👇

⭐️ Try our $BTC/ $USDT F…",0,224,0
2024-11-21 13:31:01+00:00,1212936159417925633,"RT @KobeissiLetter: BREAKING: Total US stock market capitalization has hit $60 TRILLION for the first time in history.

Over the last 4 yea…",0,534,0
2024-11-21 13:31:01+00:00,1799560402101043200,"RT @FameEXGlobal: 🤔 How to start your USDⓈ-M Perpetual Futures trading? 

Follow these 3 simple steps here below👇

⭐️ Try our $BTC/ $USDT F…",0,224,0
2024-11-21 13:31:01+00:00,1738868933334093824,"RT @FameEXGlobal: 🤔 How to start your USDⓈ-M Perpetual Futures trading? 

Follow these 3 simple steps here below👇

⭐️ Try our $BTC/ $USDT F…",0,224,0
2024-11-21 13:31:01+00:00,1799490781192855552,"RT @FameEXGlobal: 🤔 How to start your USDⓈ-M Perpetual Futures trading? 

Follow these 3 simple steps here below👇

⭐️ Try our $BTC/ $USDT F…",0,224,0
2024-11-21 13:31:01+00:00,1739158303442145280,"RT @FameEXGlobal: 🤔 How to start your USDⓈ-M Perpetual Futures trading? 

Follow these 3 simple steps here below👇

⭐️ Try our $BTC/ $USDT F…",0,224,0
2024-11-21 13:31:01+00:00,1597028434865115136,"RT @FameEXGlobal: 🤔 How to start your USDⓈ-M Perpetual Futures trading? 

Follow these 3 simple steps here below👇

⭐️ Try our $BTC/ $USDT F…",0,224,0
2024-11-21 13:31:00+00:00,1810691700031156224,"RT @rieldy: $20🎩 20 Hours 

‼️RT &amp; Follow‼️ 
@CoinWOfficial 

👇 RT the post below👇

____________________________________
👑CoinW Legend Cup…",0,1945,0
2024-11-21 13:31:00+00:00,1818563064763236354,RT @CoinWOfficial: 🥇 The competition is heating up! Here are our weekly top traders! Who will take the crown in our Spot and Futures Tradin…,0,2475,0
2024-11-21 13:31:00+00:00,1767506827955081216,"RT @FameEXGlobal: 🤔 How to start your USDⓈ-M Perpetual Futures trading? 

Follow these 3 simple steps here below👇

⭐️ Try our $BTC/ $USDT F…",0,224,0
2024-11-21 13:31:00+00:00,1739161292181745664,"RT @FameEXGlobal: 🤔 How to start your USDⓈ-M Perpetual Futures trading? 

Follow these 3 simple steps here below👇

⭐️ Try our $BTC/ $USDT F…",0,224,0
2024-11-21 13:31:00+00:00,1799490138260586496,"RT @FameEXGlobal: 🤔 How to start your USDⓈ-M Perpetual Futures trading? 

Follow these 3 simple steps here below👇

⭐️ Try our $BTC/ $USDT F…",0,224,0
2024-11-21 13:31:00+00:00,1215650114016071681,"I made $100,000 in early 2024 and road-tripped it to $20,000.

In the last 2 months, I've gone from $20,000 to $150,000 on base memes.

I had $KEYCAT at $2M
I had $SKI at $1M
I had $TOSHI at $30M
I had $CHOMP at $6M

Here's how I'm making $1,000/day trading memes: https://t.co/bnHayDNxx9",0,0,1
2024-11-21 13:31:00+00:00,1723812987826229248,"@ayeafzal Get more insight on trading, joining wizz(beware scammer) one on one coaching mentorship program,click his link below and say hello👋🏻 to join now. Get direct access to signals and analysis.

https://t.co/ta7gqKZthy",0,0,0
2024-11-21 13:31:00+00:00,136595290,"Tennis Trading on Betfair
One to one advice from a Pro Trader

Complete Trading Guide
One payment for lifetime access and FREE updates

https://t.co/Gl0JyjCoEa
#Betfair",0,0,0
2024-11-21 13:31:00+00:00,2232354560,"@bapakemu I will be sharing out some of my Top trading strategies and marketing insight with those who are fully interested for Free on my telegram group 

Click on my link below to join💌
 👇👇👇
https://t.co/KxIubvKXQV",0,0,0
2024-11-21 13:30:59+00:00,1844348135671578624,"RT @xyro_io: Taking the Globe by Storm! 🌍⚡️

The gamified trading revolution is bringing people together worldwide, uniting a global commun…",0,48,0
2024-11-21 13:30:59+00:00,512680297,"@Baneee777 Say hi 👋 on telegram to join my trading group now 
💌
👇
https://t.co/hVTWypb4x3",0,0,0
2024-11-21 13:30:59+00:00,1781460493258932224,"RT @FameEXGlobal: 🤔 How to start your USDⓈ-M Perpetual Futures trading? 

Follow these 3 simple steps here below👇

⭐️ Try our $BTC/ $USDT F…",0,224,0
2024-11-21 13:30:59+00:00,1789828933296226304,"RT @FameEXGlobal: 🤔 How to start your USDⓈ-M Perpetual Futures trading? 

Follow these 3 simple steps here below👇

⭐️ Try our $BTC/ $USDT F…",0,224,0
2024-11-21 13:30:59+00:00,1486306380822630402,"RT @FameEXGlobal: 🤔 How to start your USDⓈ-M Perpetual Futures trading? 

Follow these 3 simple steps here below👇

⭐️ Try our $BTC/ $USDT F…",0,224,0
2024-11-21 13:30:59+00:00,1722906758723895296,"RT @FameEXGlobal: 🤔 How to start your USDⓈ-M Perpetual Futures trading? 

Follow these 3 simple steps here below👇

⭐️ Try our $BTC/ $USDT F…",0,224,0
2024-11-21 13:30:59+00:00,1443615618628980736,RT @Ilegvm: Who thinks we need to have term limits as well as a law against insider trading for members of Congress? https://t.co/Yl6I82FsYT,0,1692,0
2024-11-21 13:30:59+00:00,2550779982,"Martha Stewart went to prison for insider trading &amp; so would the rest of us..&amp; pay big fines.  Apparently, legally the Congress are allowed this grift. https://t.co/1n6HXh8Aw5",0,0,0
2024-11-21 13:30:59+00:00,1634517209480323073,"@AlexLary1 Exciting News!
 I just opened a private telegram channel 
Drop HELLO 👋🏼 to join my trading platform, designed to help you achieve 10x profit! through copying my trade 

100% FREE - NO PAID SERVICES 
👇👇👇👇

https://t.co/aHTBsnwOX8",0,0,0
2024-11-21 13:30:59+00:00,1647708838488059905,@Cointelegraph $AMF Tokens are best tokens in the world crypto.#AddMeFast is best and real platform of promoting social media.I have great experience with it.Contract Address: 0xEeCD101725B89b66f3e04F953AE0Bb647C23fB8D #Crypto #Trading #EarnMoney #AMF 🚀,0,0,0
2024-11-21 13:30:58+00:00,2327066571,"@cloudruzty1987 Hello Say Hi 👋 on telegram to join my free trading group now
👇🏻💌
https://t.co/kIdG6RhVyX",0,0,0
2024-11-21 13:30:58+00:00,1785859967271993344,"RT @FameEXGlobal: 🤔 How to start your USDⓈ-M Perpetual Futures trading? 

Follow these 3 simple steps here below👇

⭐️ Try our $BTC/ $USDT F…",0,224,0
2024-11-21 13:30:58+00:00,1783395772785930240,"RT @FameEXGlobal: 🤔 How to start your USDⓈ-M Perpetual Futures trading? 

Follow these 3 simple steps here below👇

⭐️ Try our $BTC/ $USDT F…",0,224,0
2024-11-21 13:30:58+00:00,1857558760111353858,"@unusual_whales Do you know you can upgrade your trading game with @OomerBot Trust our high-quality trade data and AI-driven signals. $Oomer has come to take over the trading realm.

https://t.co/PzvAXvKqHe

#Eth #crypto #Oomerbot.",0,0,0
2024-11-21 13:30:58+00:00,429879094,"@RealHickory I've experienced cryptocurrency success for the first time,thanks to Mrs @Laura_Stevens0 for making this possible My $2,100 investment yielded an impressive $11,375.46 return. Your exceptional trading expertise earns you the 'best' title. My bank account is smiling, and so am I!",0,0,0
2024-11-21 13:30:58+00:00,1732514621360136192,"RT @FameEXGlobal: 🤔 How to start your USDⓈ-M Perpetual Futures trading? 

Follow these 3 simple steps here below👇

⭐️ Try our $BTC/ $USDT F…",0,224,0
2024-11-21 13:30:58+00:00,1738909519852212224,"RT @FameEXGlobal: 🤔 How to start your USDⓈ-M Perpetual Futures trading? 

Follow these 3 simple steps here below👇

⭐️ Try our $BTC/ $USDT F…",0,224,0
2024-11-21 13:30:58+00:00,1802681548803649536,"RT @FameEXGlobal: 🤔 How to start your USDⓈ-M Perpetual Futures trading? 

Follow these 3 simple steps here below👇

⭐️ Try our $BTC/ $USDT F…",0,224,0
2024-11-21 13:30:58+00:00,1732529030815981568,"RT @FameEXGlobal: 🤔 How to start your USDⓈ-M Perpetual Futures trading? 

Follow these 3 simple steps here below👇

⭐️ Try our $BTC/ $USDT F…",0,224,0
2024-11-21 13:30:58+00:00,1739162918921314304,"RT @FameEXGlobal: 🤔 How to start your USDⓈ-M Perpetual Futures trading? 

Follow these 3 simple steps here below👇

⭐️ Try our $BTC/ $USDT F…",0,224,0
2024-11-21 13:30:58+00:00,1779742217273233408,"RT @FameEXGlobal: 🤔 How to start your USDⓈ-M Perpetual Futures trading? 

Follow these 3 simple steps here below👇

⭐️ Try our $BTC/ $USDT F…",0,224,0
2024-11-21 13:30:58+00:00,1739162324009684992,"RT @FameEXGlobal: 🤔 How to start your USDⓈ-M Perpetual Futures trading? 

Follow these 3 simple steps here below👇

⭐️ Try our $BTC/ $USDT F…",0,224,0
2024-11-21 13:30:58+00:00,1723777986078580736,"RT @FameEXGlobal: 🤔 How to start your USDⓈ-M Perpetual Futures trading? 

Follow these 3 simple steps here below👇

⭐️ Try our $BTC/ $USDT F…",0,224,0
2024-11-21 13:30:58+00:00,1769423648455307264,"RT @FameEXGlobal: 🤔 How to start your USDⓈ-M Perpetual Futures trading? 

Follow these 3 simple steps here below👇

⭐️ Try our $BTC/ $USDT F…",0,224,0
2024-11-21 13:30:58+00:00,1067430622619037699,SUI/USDT  Strong Support Level and Next Targets ( Trading Signals ) 🚀 New post on Ko-fi!  https://t.co/9c8zxel18d  #sui $sui $crypto,0,0,0
2024-11-21 13:30:58+00:00,1789924684902866944,"RT @FameEXGlobal: 🤔 How to start your USDⓈ-M Perpetual Futures trading? 

Follow these 3 simple steps here below👇

⭐️ Try our $BTC/ $USDT F…",0,224,0
2024-11-21 13:30:58+00:00,1634429675417247744,"@misbehaveu I'll be updating more here on my free Telegram channel and sharing more ideas along with my trading analysis and hint

Discord now open!!
👇👇
https://t.co/NGbaeQoPMX",0,0,0
2024-11-21 13:30:58+00:00,1810691700031156224,"RT @Amandaproms: $20 | 310.000 IDR | IN 10 Hours 🌄

RT &amp; Follow @CoinWOfficial &amp; rt queted 👇🏻
--------
👑CoinW Legend Cup 2024 x 7th Anniver…",0,1748,0
2024-11-21 13:30:58+00:00,831868704,"@Emmy12345236486 Crypto,will be sharing out some of his Top trading strategies and marketing insight with those who are fully interested for Free.
So Everyone follow the link to join his trading group for more marketing insight and others profitable lectures
ACCESS 📈👇https://t.co/eETdYC74TN",0,0,0
2024-11-21 13:30:58+00:00,157030603,"@UnderWashington I've benefited so much from her excellent trading technique @juliecilajoana. Beginning this journey I started up my investment with $1,000, within few days I got a return of $12,000. Her experience and trustworthiness is unmatched",0,0,0
2024-11-21 13:30:58+00:00,1732246635735035904,"RT @Hela_Network: Major Milestone! HLUSD is Going Live on Biconomy!

We’re excited to announce that #HLUSD will be listed on @BiconomyCom!…",0,3916,0
2024-11-21 13:30:57+00:00,1732478350927495168,"RT @FameEXGlobal: 🤔 How to start your USDⓈ-M Perpetual Futures trading? 

Follow these 3 simple steps here below👇

⭐️ Try our $BTC/ $USDT F…",0,224,0
2024-11-21 13:30:57+00:00,1624692838817755136,"@SleepyyMike Say Hi 👋 on telegram to join my free trading group now!! 📩
👇👇

https://t.co/n3dVB4uJj8",0,0,0
2024-11-21 13:30:57+00:00,1849018443498237953,"RT @TaurusAI_: Trading perps just got easier 💫

Taurus AI lets you open, manage, and close positions on @Telegram—no extra fees. Get instan…",0,2599,0
2024-11-21 13:30:57+00:00,1858197741991497728,"RT @MarvelousSamps1: Anon, who’s the real master of the markets? 🧐 Show us your skills on @coinstoreExc and earn Whitelist tickets to level…",0,42,0
2024-11-21 13:30:57+00:00,1679778182,"@Vincent_one_two *Exciting News!*
 I just opened a private telegram channel 
Drop HELLO 👋🏼 to join my trading platform, designed to help you achieve 10x profit! through copying my trade 

100% FREE - NO PAID SERVICES 
👇👇👇👇

https://t.co/12oSihxtBd",0,0,0
2024-11-21 13:30:57+00:00,1487178286341918721,"RT @FameEXGlobal: 🤔 How to start your USDⓈ-M Perpetual Futures trading? 

Follow these 3 simple steps here below👇

⭐️ Try our $BTC/ $USDT F…",0,224,0
2024-11-21 13:30:57+00:00,1784131158319452160,"RT @FameEXGlobal: 🤔 How to start your USDⓈ-M Perpetual Futures trading? 

Follow these 3 simple steps here below👇

⭐️ Try our $BTC/ $USDT F…",0,224,0
2024-11-21 13:30:57+00:00,1596975026615599108,"RT @FameEXGlobal: 🤔 How to start your USDⓈ-M Perpetual Futures trading? 

Follow these 3 simple steps here below👇

⭐️ Try our $BTC/ $USDT F…",0,224,0
2024-11-21 13:30:56+00:00,1634419638749769729,"@DogshitOnSol Drop hello 👋 
so you can be added to my free
trading group on telegram direct access to Signals📈 and copy trades, don't miss out this great opportunity.
👇👇👇

https://t.co/M0110liUx3",0,0,0
2024-11-21 13:30:56+00:00,25110366,"Veteran fund manager issues stock market warning - irrespective of who is in the WH think we see a correction, would have been lack of direction, will be strong-arming everything, long overdue either way, AI isn't Always increase
https://t.co/w06H18Hsm1",0,0,0
2024-11-21 13:30:56+00:00,1849177835459469312,"RT @bitgetglobal: $FARTCOIN @FartCoinOfSOL trading is now LIVE on #BitgetSpot.

🚀 Trade now: https://t.co/dgCksbwvoc",0,57,0
2024-11-21 13:30:56+00:00,1784122575196495872,"RT @FameEXGlobal: 🤔 How to start your USDⓈ-M Perpetual Futures trading? 

Follow these 3 simple steps here below👇

⭐️ Try our $BTC/ $USDT F…",0,224,0
2024-11-21 13:30:56+00:00,1596628885659066369,"RT @FameEXGlobal: 🤔 How to start your USDⓈ-M Perpetual Futures trading? 

Follow these 3 simple steps here below👇

⭐️ Try our $BTC/ $USDT F…",0,224,0
2024-11-21 13:30:56+00:00,1600225689835343893,"We did have an Icarus Signal during pre-market. I do not trade pre-market so for day trading I do not like when it does that, but I am still in my swing position from the other day. Plus, we still have the higher time frame 7 and 28 Polaris True Open above. https://t.co/irkjmCmfA2",0,0,1
2024-11-21 13:30:56+00:00,1739152748975685632,"RT @FameEXGlobal: 🤔 How to start your USDⓈ-M Perpetual Futures trading? 

Follow these 3 simple steps here below👇

⭐️ Try our $BTC/ $USDT F…",0,224,0
2024-11-21 13:30:56+00:00,1739159492967923712,"RT @FameEXGlobal: 🤔 How to start your USDⓈ-M Perpetual Futures trading? 

Follow these 3 simple steps here below👇

⭐️ Try our $BTC/ $USDT F…",0,224,0
2024-11-21 13:30:56+00:00,1369745545388912640,"$BTC #Binance #CryptoSeason
The key to getting rich is knowing exactly where the money is flowing and positioning yourself in its path.

The trading volume of Binance has surpassed Nasdaq's total volume. https://t.co/LbpUes4Klk",0,0,0
2024-11-21 13:30:56+00:00,1596187395480748033,"RT @FameEXGlobal: 🤔 How to start your USDⓈ-M Perpetual Futures trading? 

Follow these 3 simple steps here below👇

⭐️ Try our $BTC/ $USDT F…",0,224,0
2024-11-21 13:30:56+00:00,1596323648951967744,"RT @FameEXGlobal: 🤔 How to start your USDⓈ-M Perpetual Futures trading? 

Follow these 3 simple steps here below👇

⭐️ Try our $BTC/ $USDT F…",0,224,0
2024-11-21 13:30:56+00:00,1581965096,"@WenMaMa2 @realDonaldTrump @827js @SrvG_d @Sheltieman3 @mil_vet17 @AZWS @Teddy2741 @bdonesem @TSH2_ @PriamtheB @VEtFeMaLE @cjdtwit @AppSame @ultrazov @thandar324 @45mx_7 @DaveSchreiber3 @kirolossamih1 @Kbug1999 @Carmeli33392291 @brexit_blue @BrexitLondon @ron_starr1947 @Lots_Of_Fun_696 @1HappyGirl_ @texasrecks I am here to show my appreciation to the woman @lauretta_B0 who took me out from nothing to something from $10,000  account to over $45,000 richer within 7 trading days  Thank you very much @lauretta_B0",0,0,0
